id	speaker	text	truth	human_wav	ref_wav	ref_text
easyenglish_s0_074622	easyenglish_s0	Або схоже, на що схожа сьогодні погода. Або як сьогодні погода, як виглядає сьогодні погода.	А́бо схо́же, на що схо́жа сього́дні пого́да. А́бо як сього́дні пого́да, як вигляда́є сього́дні пого́да.	datasets/combined/wavs/074622.wav	training/raw/easyenglish_s0/076529.wav	Ду́же ціка́ве рече́ння, якщо́ не зна́ти до́бре англі́йської. О́тже, це означа́є, де́які з них ма́ють соба́к. О́тже,
easyenglish_s0_088307	easyenglish_s0	Тепер пригадайте, як сказати ходімо, пішли.	Тепе́р пригада́йте, як сказа́ти ході́мо, пішли́.	datasets/combined/wavs/088307.wav	training/raw/easyenglish_s0/076529.wav	Ду́же ціка́ве рече́ння, якщо́ не зна́ти до́бре англі́йської. О́тже, це означа́є, де́які з них ма́ють соба́к. О́тже,
easyenglish_s0_067625	easyenglish_s0	вживається в кінці речення. Тому можна було б сказати	вжива́ється в кінці́ речення. Тому́ мо́жна було́ б сказа́ти	datasets/combined/wavs/067625.wav	training/raw/easyenglish_s0/076529.wav	Ду́же ціка́ве рече́ння, якщо́ не зна́ти до́бре англі́йської. О́тже, це означа́є, де́які з них ма́ють соба́к. О́тже,
easyenglish_s0_085362	easyenglish_s0	Тобто, пам'ятаєте, тут немає займенника. Немає займенника	То́бто, пам'ята́єте, тут нема́є займе́нника. Нема́є займе́нника	datasets/combined/wavs/085362.wav	training/raw/easyenglish_s0/076529.wav	Ду́же ціка́ве рече́ння, якщо́ не зна́ти до́бре англі́йської. О́тже, це означа́є, де́які з них ма́ють соба́к. О́тже,
easyenglish_s0_078373	easyenglish_s0	Нам воно сьогодні не потрібно. Просто запам'ятайте, що	Нам воно́ сього́дні не потрі́бно. Про́сто запам'ята́йте, що	datasets/combined/wavs/078373.wav	training/raw/easyenglish_s0/076529.wav	Ду́же ціка́ве рече́ння, якщо́ не зна́ти до́бре англі́йської. О́тже, це означа́є, де́які з них ма́ють соба́к. О́тже,
easyenglish_s0_104162	easyenglish_s0	Запитайте. Чи хотів би ти подивитися фільм?	Запита́йте. Чи хоті́в би ти подиви́тися фільм?	datasets/combined/wavs/104162.wav	training/raw/easyenglish_s0/076529.wav	Ду́же ціка́ве рече́ння, якщо́ не зна́ти до́бре англі́йської. О́тже, це означа́є, де́які з них ма́ють соба́к. О́тже,
easyenglish_s0_101950	easyenglish_s0	це ріжок. Ріжок морозива. Ви йдете в ресторан.	це ріжо́к. Ріжо́к моро́зива. Ви йдете́ в рестора́н.	datasets/combined/wavs/101950.wav	training/raw/easyenglish_s0/076529.wav	Ду́же ціка́ве рече́ння, якщо́ не зна́ти до́бре англі́йської. О́тже, це означа́є, де́які з них ма́ють соба́к. О́тже,
easyenglish_s0_064110	easyenglish_s0	це без проблем, тобто роби собі те, що ти хочеш. Немає проблем, немає питань, я погоджуюсь з усім, що ти хочеш зробити.	це без пробле́м, то́бто роби́ собі́ те, що ти хо́чеш. Нема́є пробле́м, нема́є пита́нь, я пого́джуюсь з усі́м, що ти хо́чеш зроби́ти.	datasets/combined/wavs/064110.wav	training/raw/easyenglish_s0/076529.wav	Ду́же ціка́ве рече́ння, якщо́ не зна́ти до́бре англі́йської. О́тже, це означа́є, де́які з них ма́ють соба́к. О́тже,
easyenglish_s0_084130	easyenglish_s0	Тут, наприклад, як отримав. Я отримав ключі вчора.	Тут, напри́клад, як отри́мав. Я отри́мав ключі́ вчо́ра.	datasets/combined/wavs/084130.wav	training/raw/easyenglish_s0/076529.wav	Ду́же ціка́ве рече́ння, якщо́ не зна́ти до́бре англі́йської. О́тже, це означа́є, де́які з них ма́ють соба́к. О́тже,
easyenglish_s0_104406	easyenglish_s0	Тепер спробуйте сказати, я трішки розумію англійську. Дослівно це буде, я розумію англійську трішки.	Тепе́р спро́буйте сказа́ти, я трі́шки розумі́ю англі́йську. Дослі́вно це бу́де, я розумі́ю англі́йську трі́шки.	datasets/combined/wavs/104406.wav	training/raw/easyenglish_s0/076529.wav	Ду́же ціка́ве рече́ння, якщо́ не зна́ти до́бре англі́йської. О́тже, це означа́є, де́які з них ма́ють соба́к. О́тже,
easyenglish_s1_104496	easyenglish_s1	Так, це чудове місце для життя.	Так, це чудо́ве мі́сце для життя́.	datasets/combined/wavs/104496.wav	training/raw/easyenglish_s1/090978.wav	Ні, але́ я б ду́же хоті́в туди́ пої́хати коли́сь.
easyenglish_s1_075110	easyenglish_s1	Так, я думаю, що навчання робить життя цікавішим.	Так, я ду́маю, що навча́ння ро́бить життя́ ціка́вішим.	datasets/combined/wavs/075110.wav	training/raw/easyenglish_s1/090978.wav	Ні, але́ я б ду́же хоті́в туди́ пої́хати коли́сь.
easyenglish_s1_104453	easyenglish_s1	Я зазвичай їжджу машиною, але іноді їду автобусом.	Я зазвича́й ї́жджу маши́ною, але́ і́ноді ї́ду авто́бусом.	datasets/combined/wavs/104453.wav	training/raw/easyenglish_s1/090978.wav	Ні, але́ я б ду́же хоті́в туди́ пої́хати коли́сь.
easyenglish_s1_078707	easyenglish_s1	Я віддаю перевагу ранкам, тому що маю більше енергії.	Я віддаю́ перева́гу ра́нкам, тому́ що маю бі́льше ене́ргії.	datasets/combined/wavs/078707.wav	training/raw/easyenglish_s1/090978.wav	Ні, але́ я б ду́же хоті́в туди́ пої́хати коли́сь.
filatov_198322	filatov	Цівка автомата у вікні зрушилася праворуч. Тепер вона неквапно наближалася до Лейдекера, -	Ці́вка автома́та у вікні́ зру́шилася право́руч. Тепе́р вона́ неква́пно наближа́лася до Лейдекера, -	datasets/combined/wavs/198322.wav	training/raw/filatov/127791.wav	І вони́ таки́ ви́тягли ба́жа́не, факти́чно ви́мотавши з хло́пчика йо́го передсме́ртними кри́ками.
filatov_197384	filatov	Я дала місіс Шайрз якийсь старий жакет, що трапився під руку, і ми пішли.	Я дала́ мі́сіс Шайрз яки́йсь стари́й жаке́т, що тра́пився під ру́ку, і ми пішли́.	datasets/combined/wavs/197384.wav	training/raw/filatov/127791.wav	І вони́ таки́ ви́тягли ба́жа́не, факти́чно ви́мотавши з хло́пчика йо́го передсме́ртними кри́ками.
filatov_112290	filatov	Вона була забита всяким мотлохом, але Джулія гадала, що десь там. може лежати.	Вона́ була заби́та вся́ким мо́тлохом, але́ Джулія гада́ла, що десь там. мо́же лежа́ти.	datasets/combined/wavs/112290.wav	training/raw/filatov/127791.wav	І вони́ таки́ ви́тягли ба́жа́не, факти́чно ви́мотавши з хло́пчика йо́го передсме́ртними кри́ками.
filatov_189997	filatov	Їм не було конче потрібно притишувати свої голоси, настільки Браян був занурений у своє.	Їм не було́ ко́нче потрі́бно прити́шувати свої́ голоси́, насті́льки Браян був зану́рений у своє́.	datasets/combined/wavs/189997.wav	training/raw/filatov/127791.wav	І вони́ таки́ ви́тягли ба́жа́не, факти́чно ви́мотавши з хло́пчика йо́го передсме́ртними кри́ками.
filatov_179821	filatov	Це було б круто. Усі ці думки в голові Барбі промайнули за якусь секунду, тінь літака все ще залишалася між ним і байбаком,	Це було́ б кру́то. Усі ці думки́ в голові́ Ба́рбі промайну́ли за яку́сь секу́нду, тінь літака́ все ще залиша́лася між ним і байбако́м,	datasets/combined/wavs/179821.wav	training/raw/filatov/127791.wav	І вони́ таки́ ви́тягли ба́жа́не, факти́чно ви́мотавши з хло́пчика йо́го передсме́ртними кри́ками.
filatov_175637	filatov	Джуніор посміхнувся так, ніби знав якусь таємницю.	Джу́ніор посміхну́вся так, ні́би знав яку́сь таємни́цю.	datasets/combined/wavs/175637.wav	training/raw/filatov/127791.wav	І вони́ таки́ ви́тягли ба́жа́не, факти́чно ви́мотавши з хло́пчика йо́го передсме́ртними кри́ками.
filatov_202253	filatov	Це буде за дві з половиною години після того, як я засну.	Це бу́де за дві з полови́ною годи́ни пі́сля того́, як я засну́.	datasets/combined/wavs/202253.wav	training/raw/filatov/127791.wav	І вони́ таки́ ви́тягли ба́жа́не, факти́чно ви́мотавши з хло́пчика йо́го передсме́ртними кри́ками.
filatov_138773	filatov	З ним ділить ліжко розкішна молода жінка, сама розумна і його вважає видатною, прекрасною особистістю.	З ним ді́лить лі́жко розкі́шна молода́ жі́нка, сама розу́мна і йо́го вважа́є видатно́ю, прекра́сною особи́стістю.	datasets/combined/wavs/138773.wav	training/raw/filatov/127791.wav	І вони́ таки́ ви́тягли ба́жа́не, факти́чно ви́мотавши з хло́пчика йо́го передсме́ртними кри́ками.
filatov_137818	filatov	Татко Крук знав її більше років, аніж живуть мугирі,	Та́тко Крук знав її бі́льше ро́кі́в, ані́ж живу́ть мугирі́,	datasets/combined/wavs/137818.wav	training/raw/filatov/127791.wav	І вони́ таки́ ви́тягли ба́жа́не, факти́чно ви́мотавши з хло́пчика йо́го передсме́ртними кри́ками.
filatov_123606	filatov	Але він замкнений зараз у підвалі поліцейської дільниці.	Але́ він за́мкнений за́раз у підва́лі поліце́йської дільни́ці.	datasets/combined/wavs/123606.wav	training/raw/filatov/127791.wav	І вони́ таки́ ви́тягли ба́жа́не, факти́чно ви́мотавши з хло́пчика йо́го передсме́ртними кри́ками.
kateryna_189679	kateryna	— Що таке? — промовив Рішельє, відчинивши двері.	— Що таке́? — промо́вив Рішельє́, відчини́вши две́рі.	datasets/combined/wavs/189679.wav	training/raw/kateryna/140749.wav	— Зна́єш, Мари́ночко, до ха́на приї́хали го́сті з ва́шого кра́ю, з Украї́ни?
kateryna_111735	kateryna	Стоїш похилена наді мною.	Стої́ш похи́лена на́ді мно́ю.	datasets/combined/wavs/111735.wav	training/raw/kateryna/140749.wav	— Зна́єш, Мари́ночко, до ха́на приї́хали го́сті з ва́шого кра́ю, з Украї́ни?
kateryna_160919	kateryna	Фелтон спускався далі.	Фе́лтон спуска́вся да́лі.	datasets/combined/wavs/160919.wav	training/raw/kateryna/140749.wav	— Зна́єш, Мари́ночко, до ха́на приї́хали го́сті з ва́шого кра́ю, з Украї́ни?
kateryna_197879	kateryna	Ті слова Гава твердо собі затямив.	Ті слова́ Гава тве́рдо собі́ затя́мив.	datasets/combined/wavs/197879.wav	training/raw/kateryna/140749.wav	— Зна́єш, Мари́ночко, до ха́на приї́хали го́сті з ва́шого кра́ю, з Украї́ни?
kateryna_128756	kateryna	— Це буде кінь на зміну, — сказав Атос.	— Це бу́де кінь на змі́ну, — сказа́в Ато́с.	datasets/combined/wavs/128756.wav	training/raw/kateryna/140749.wav	— Зна́єш, Мари́ночко, до ха́на приї́хали го́сті з ва́шого кра́ю, з Украї́ни?
kateryna_109169	kateryna	Розмова повернула на веселе.	Розмо́ва поверну́ла на весе́ле.	datasets/combined/wavs/109169.wav	training/raw/kateryna/140749.wav	— Зна́єш, Мари́ночко, до ха́на приї́хали го́сті з ва́шого кра́ю, з Украї́ни?
kateryna_146566	kateryna	Герцоґ ішов так швидко, що Д'Артаньян ледве вспішався за ним.	Герцоґ ішо́в так шви́дко, що д'артанья́н ле́две вспішався за ним.	datasets/combined/wavs/146566.wav	training/raw/kateryna/140749.wav	— Зна́єш, Мари́ночко, до ха́на приї́хали го́сті з ва́шого кра́ю, з Украї́ни?
kateryna_163450	kateryna	— Що то за жарти! — приглушеним голосом мовила вона.	— Що то за жа́рти! — приглу́шеним го́лосом мо́вила вона́.	datasets/combined/wavs/163450.wav	training/raw/kateryna/140749.wav	— Зна́єш, Мари́ночко, до ха́на приї́хали го́сті з ва́шого кра́ю, з Украї́ни?
kateryna_143714	kateryna	— Не доберу я толку в твоїх речах,— каже Петро.	— Не доберу́ я то́лку в твої́х реча́х,— ка́же Петро́.	datasets/combined/wavs/143714.wav	training/raw/kateryna/140749.wav	— Зна́єш, Мари́ночко, до ха́на приї́хали го́сті з ва́шого кра́ю, з Украї́ни?
kateryna_107231	kateryna	— Справа серйозна — зауважили друзі.	— Спра́ва серйо́зна — заува́жили дру́зі.	datasets/combined/wavs/107231.wav	training/raw/kateryna/140749.wav	— Зна́єш, Мари́ночко, до ха́на приї́хали го́сті з ва́шого кра́ю, з Украї́ни?
lada_203306	lada	В тім моменті й тепер стоїш мов жива мені перед очима.	В тім моме́нті й тепе́р стої́ш мов жива́ мені́ пе́ред очи́ма.	datasets/combined/wavs/203306.wav	training/raw/lada/180572.wav	Як і всі инші жінки́ її ра́си, вона́ народи́лася, щоб кори́тися во́лі чолові́чій.
lada_161366	lada	— А куди ви заподіли ваших попів? — спитав Д'Артаньян.	— А куди́ ви заподі́ли ва́ших попі́в? — спита́в д'артанья́н.	datasets/combined/wavs/161366.wav	training/raw/lada/180572.wav	Як і всі инші жінки́ її ра́си, вона́ народи́лася, щоб кори́тися во́лі чолові́чій.
lada_111725	lada	Жид усе повинен мати що робити.	Жид усе́ пови́нен ма́ти що роби́ти.	datasets/combined/wavs/111725.wav	training/raw/lada/180572.wav	Як і всі инші жінки́ її ра́си, вона́ народи́лася, щоб кори́тися во́лі чолові́чій.
lada_172380	lada	— То була жінка, зовсім неподібна до Моллі.	— То була жі́нка, зо́всім неподі́бна до Моллі.	datasets/combined/wavs/172380.wav	training/raw/lada/180572.wav	Як і всі инші жінки́ її ра́си, вона́ народи́лася, щоб кори́тися во́лі чолові́чій.
lada_131047	lada	— Заплати, лайдаче! — крикнув мандрівець свойєму льокаєві.	— Заплати́, лайда́че! — кри́кнув мандрі́ве́ць свойєму льока́єві.	datasets/combined/wavs/131047.wav	training/raw/lada/180572.wav	Як і всі инші жінки́ її ра́си, вона́ народи́лася, щоб кори́тися во́лі чолові́чій.
lada_161500	lada	Ви знаєте, що я ненавиджу мораль, хіба що її вчить мене Атос.	Ви зна́єте, що я нена́виджу мора́ль, хіба́ що її вчить мене́ Ато́с.	datasets/combined/wavs/161500.wav	training/raw/lada/180572.wav	Як і всі инші жінки́ її ра́си, вона́ народи́лася, щоб кори́тися во́лі чолові́чій.
lada_134907	lada	От і почав Петро усе оповідати, як було в Паволочі.	От і поча́в Петро́ усе́ оповіда́ти, як було́ в Па́волочі.	datasets/combined/wavs/134907.wav	training/raw/lada/180572.wav	Як і всі инші жінки́ її ра́си, вона́ народи́лася, щоб кори́тися во́лі чолові́чій.
lada_139509	lada	Портос плакав, Араміс рукою указував на небо, Атос перехристився.	Порто́с пла́кав, Арамі́с руко́ю ука́зував на не́бо, Ато́с перехристився.	datasets/combined/wavs/139509.wav	training/raw/lada/180572.wav	Як і всі инші жінки́ її ра́си, вона́ народи́лася, щоб кори́тися во́лі чолові́чій.
lada_107596	lada	— Що? — здивовано спитав Бонасьє.	— Що? — здиво́вано спита́в Бонасьє́.	datasets/combined/wavs/107596.wav	training/raw/lada/180572.wav	Як і всі инші жінки́ її ра́си, вона́ народи́лася, щоб кори́тися во́лі чолові́чій.
lada_156063	lada	— Е,мій любий Атосе, ви здається бачити все в чорному світлі.	— Е,мій лю́бий Атосе, ви здає́ться ба́чити все в чо́рному сві́тлі.	datasets/combined/wavs/156063.wav	training/raw/lada/180572.wav	Як і всі инші жінки́ її ра́си, вона́ народи́лася, щоб кори́тися во́лі чолові́чій.
mykyta_132318	mykyta	Легко без усякого зусилля, біла маса ринула за водою.	Ле́гко без уся́кого зуси́лля, бі́ла ма́са ри́нула за водо́ю.	datasets/combined/wavs/132318.wav	training/raw/mykyta/124923.wav	— Безсумні́вно пе́рший коха́нець та спі́льник красу́ні.
mykyta_177989	mykyta	— Та хто ж приходив? Кажи мерщій.	— Та хто ж прихо́див? Кажи́ мерщі́й.	datasets/combined/wavs/177989.wav	training/raw/mykyta/124923.wav	— Безсумні́вно пе́рший коха́нець та спі́льник красу́ні.
mykyta_182935	mykyta	Купували у нього, але мало.	Купува́ли у ньо́го, але́ ма́ло.	datasets/combined/wavs/182935.wav	training/raw/mykyta/124923.wav	— Безсумні́вно пе́рший коха́нець та спі́льник красу́ні.
mykyta_111633	mykyta	— Хто в Гвинтовки, а я поїду просто до Васюти.	— Хто в Гвинтовки, а я пої́ду про́сто до Васю́ти.	datasets/combined/wavs/111633.wav	training/raw/mykyta/124923.wav	— Безсумні́вно пе́рший коха́нець та спі́льник красу́ні.
mykyta_177906	mykyta	— Капітана королівських мушкетерів.	— Капіта́на королі́вських мушкете́рів.	datasets/combined/wavs/177906.wav	training/raw/mykyta/124923.wav	— Безсумні́вно пе́рший коха́нець та спі́льник красу́ні.
mykyta_133407	mykyta	— Зараз давай ножика і проріжемо намета!	— За́раз дава́й но́жика і прорі́жемо намета!	datasets/combined/wavs/133407.wav	training/raw/mykyta/124923.wav	— Безсумні́вно пе́рший коха́нець та спі́льник красу́ні.
mykyta_135403	mykyta	А я думаю, що на якийсь час треба перестати робити.	А я ду́маю, що на яки́йсь час тре́ба переста́ти роби́ти.	datasets/combined/wavs/135403.wav	training/raw/mykyta/124923.wav	— Безсумні́вно пе́рший коха́нець та спі́льник красу́ні.
mykyta_194777	mykyta	— До шхуни! — скомандував Фелтон.	— До шху́ни! — скома́ндував Фе́лтон.	datasets/combined/wavs/194777.wav	training/raw/mykyta/124923.wav	— Безсумні́вно пе́рший коха́нець та спі́льник красу́ні.
mykyta_138635	mykyta	Нехай королева залишається в цілковитій невідомості.	Неха́й короле́ва залиша́ється в цілкови́тій невідо́мості.	datasets/combined/wavs/138635.wav	training/raw/mykyta/124923.wav	— Безсумні́вно пе́рший коха́нець та спі́льник красу́ні.
mykyta_168894	mykyta	Проте, він мав певний намір перепросити хороброго мушкетера, не принижуючи себе.	Проте́, він мав пе́вний на́мір перепроси́ти хоро́брого мушкете́ра, не прини́жуючи себе́.	datasets/combined/wavs/168894.wav	training/raw/mykyta/124923.wav	— Безсумні́вно пе́рший коха́нець та спі́льник красу́ні.
nina_136158	nina	без сумніву найнезвичайніший заповід, який я коли-небудь бачив.	без су́мніву найнезвичайніший заповід, яки́й я коли́-не́будь ба́чив.	datasets/combined/wavs/136158.wav	training/raw/nina/105177.wav	Та́пенс ви́трусила її, але́ бі́льше там ні́чого не було́.
nina_109574	nina	Він зупинився і, нахилившись, оглянув свої черевики.	Він зупини́вся і, нахили́вшись, огля́нув свої́ череви́ки.	datasets/combined/wavs/109574.wav	training/raw/nina/105177.wav	Та́пенс ви́трусила її, але́ бі́льше там ні́чого не було́.
nina_165980	nina	Мій дорогий друже, у професійних питаннях я не жартую ніколи.	Мій дороги́й дру́же, у професі́йних пита́ннях я не жарту́ю ніколи.	datasets/combined/wavs/165980.wav	training/raw/nina/105177.wav	Та́пенс ви́трусила її, але́ бі́льше там ні́чого не було́.
nina_204303	nina	не приховуючи, що ми носимо однакове прізвище.	не прихо́вуючи, що ми но́симо одна́кове прі́звище.	datasets/combined/wavs/204303.wav	training/raw/nina/105177.wav	Та́пенс ви́трусила її, але́ бі́льше там ні́чого не було́.
nina_193204	nina	Я накинув на нього ласо в найбільш підходящий момент.	Я наки́нув на ньо́го ласо́ в найбі́льш підходя́щий моме́нт.	datasets/combined/wavs/193204.wav	training/raw/nina/105177.wav	Та́пенс ви́трусила її, але́ бі́льше там ні́чого не було́.
nina_193555	nina	Змінив власну зовнішність і спокійно вийшов.	Зміни́в вла́сну зо́внішність і спокі́йно ви́йшов.	datasets/combined/wavs/193555.wav	training/raw/nina/105177.wav	Та́пенс ви́трусила її, але́ бі́льше там ні́чого не було́.
nina_112213	nina	а центральне опалення обігрівало лише вітальню, їдальню.	а центра́льне опа́лення обігріва́ло лише́ віта́льню, їда́льню.	datasets/combined/wavs/112213.wav	training/raw/nina/105177.wav	Та́пенс ви́трусила її, але́ бі́льше там ні́чого не було́.
nina_165667	nina	Я знаю, сьогодні модно бути брутальним і не приховувати почуттів, які годиться приховувати.	Я зна́ю, сього́дні мо́дно бу́ти брута́льним і не прихо́вувати почутті́в, які́ годи́ться прихо́вувати.	datasets/combined/wavs/165667.wav	training/raw/nina/105177.wav	Та́пенс ви́трусила її, але́ бі́льше там ні́чого не було́.
nina_163898	nina	З першого погляду було зрозуміло, що допомога Файерфільду вже не потрібна.	З пе́ршого по́гляду було́ зрозумі́ло, що допомо́га Файерфільду вже не потрі́бна.	datasets/combined/wavs/163898.wav	training/raw/nina/105177.wav	Та́пенс ви́трусила її, але́ бі́льше там ні́чого не було́.
nina_187759	nina	і кілька масивних стільців зі шкіряними сидіннями.	і кі́лька маси́вних стільці́в зі шкіряни́ми сиді́ннями.	datasets/combined/wavs/187759.wav	training/raw/nina/105177.wav	Та́пенс ви́трусила її, але́ бі́льше там ні́чого не було́.
oleksa_181314	oleksa	Не от так собі ходив Гава в неблизьку дорогу з Дрогобича до Старого Міста.	Не от так собі́ ходи́в Гава в неблизьку́ доро́гу з Дрого́бича до Старо́го Мі́ста.	datasets/combined/wavs/181314.wav	training/raw/oleksa/183496.wav	— Я звича́йно верта́ю в п'я́тницю, а і́ноді бува́ю в мі́сті й по два рази́ до ти́жня.
oleksa_117816	oleksa	А кардинал дійсно розлютився.	А кардина́л ді́йсно розлюти́вся.	datasets/combined/wavs/117816.wav	training/raw/oleksa/183496.wav	— Я звича́йно верта́ю в п'я́тницю, а і́ноді бува́ю в мі́сті й по два рази́ до ти́жня.
oleksa_131688	oleksa	Шрам уже й сам тоді почувсь, що треба дати собі пільгу.	Шрам уже́ й сам тоді́ почу́всь, що тре́ба да́ти собі́ пі́льгу.	datasets/combined/wavs/131688.wav	training/raw/oleksa/183496.wav	— Я звича́йно верта́ю в п'я́тницю, а і́ноді бува́ю в мі́сті й по два рази́ до ти́жня.
oleksa_129084	oleksa	Проте на цей поклик гетьмана люди йшли вже не з таким захопленням, як позаторік.	Проте́ на цей по́клик ге́тьмана лю́ди йшли вже не з таки́м захо́пленням, як поза́торік.	datasets/combined/wavs/129084.wav	training/raw/oleksa/183496.wav	— Я звича́йно верта́ю в п'я́тницю, а і́ноді бува́ю в мі́сті й по два рази́ до ти́жня.
oleksa_138947	oleksa	Атос, що бачив усе, вздрів легку усмішку на губах ґасконця.	Ато́с, що ба́чив усе́, вздрів легку́ у́смі́шку на губа́х ґасконця.	datasets/combined/wavs/138947.wav	training/raw/oleksa/183496.wav	— Я звича́йно верта́ю в п'я́тницю, а і́ноді бува́ю в мі́сті й по два рази́ до ти́жня.
oleksa_184047	oleksa	Ти з одного боку сидиш на кріслі, я з другого.	Ти з одного бо́ку сиди́ш на крі́слі, я з дру́гого.	datasets/combined/wavs/184047.wav	training/raw/oleksa/183496.wav	— Я звича́йно верта́ю в п'я́тницю, а і́ноді бува́ю в мі́сті й по два рази́ до ти́жня.
oleksa_166892	oleksa	— Чи не татари йдуть, боронь Боже!	— Чи не тата́ри йдуть, боро́нь Бо́же!	datasets/combined/wavs/166892.wav	training/raw/oleksa/183496.wav	— Я звича́йно верта́ю в п'я́тницю, а і́ноді бува́ю в мі́сті й по два рази́ до ти́жня.
oleksa_191682	oleksa	— Поясніть, бо я не розумію, що ви хочете сказати.	— Поясні́ть, бо я не розумі́ю, що ви хо́чете сказа́ти.	datasets/combined/wavs/191682.wav	training/raw/oleksa/183496.wav	— Я звича́йно верта́ю в п'я́тницю, а і́ноді бува́ю в мі́сті й по два рази́ до ти́жня.
oleksa_144145	oleksa	Здорова, хлопська натура не боялася простуди в літній ранок.	Здоро́ва, хло́пська нату́ра не боя́лася простуди в лі́тній ра́нок.	datasets/combined/wavs/144145.wav	training/raw/oleksa/183496.wav	— Я звича́йно верта́ю в п'я́тницю, а і́ноді бува́ю в мі́сті й по два рази́ до ти́жня.
oleksa_111424	oleksa	— Вітре! — сказав кардинал — Ви негайно поїдете до Лондону.	— Ві́тре! — сказа́в кардина́л — Ви нега́йно пої́дете до Ло́ндону.	datasets/combined/wavs/111424.wav	training/raw/oleksa/183496.wav	— Я звича́йно верта́ю в п'я́тницю, а і́ноді бува́ю в мі́сті й по два рази́ до ти́жня.
olena_s0_052146	olena_s0	розгортати, розгортатися, переміщуватися, розміщуватися. Воно часто вживається в пасивному стані.	розгорта́ти, розгорта́тися, перемі́щуватися, розмі́щуватися. Воно́ ча́сто вжива́ється в паси́вному ста́ні.	datasets/combined/wavs/052146.wav	training/raw/olena_s0/059678.wav	Щоб розпові́сти́ про те, які́ впра́ви ви вико́нуєте, як трену́єте щодня́, застосо́вуйте ле́ксику цього́ уро́ку. А з грама́тики вам знадоби́ться час
olena_s0_054387	olena_s0	сили територіальної оборони,	си́ли територіа́льної оборо́ни,	datasets/combined/wavs/054387.wav	training/raw/olena_s0/059678.wav	Щоб розпові́сти́ про те, які́ впра́ви ви вико́нуєте, як трену́єте щодня́, застосо́вуйте ле́ксику цього́ уро́ку. А з грама́тики вам знадоби́ться час
olena_s0_061671	olena_s0	Для утворення питальної форми	Для утво́рення пита́льної фо́рми	datasets/combined/wavs/061671.wav	training/raw/olena_s0/059678.wav	Щоб розпові́сти́ про те, які́ впра́ви ви вико́нуєте, як трену́єте щодня́, застосо́вуйте ле́ксику цього́ уро́ку. А з грама́тики вам знадоби́ться час
olena_s0_055286	olena_s0	це великий палець ноги,	це вели́кий па́лець ноги́,	datasets/combined/wavs/055286.wav	training/raw/olena_s0/059678.wav	Щоб розпові́сти́ про те, які́ впра́ви ви вико́нуєте, як трену́єте щодня́, застосо́вуйте ле́ксику цього́ уро́ку. А з грама́тики вам знадоби́ться час
olena_s0_056093	olena_s0	Адже суперечать одне одному. Овер передбачає відповідь, а аут навпаки каже не відповідайте.	А́дже супере́чать одне́ одному. Овер передбача́є ві́дповідь, а а́ут навпаки́ ка́же не відповіда́йте.	datasets/combined/wavs/056093.wav	training/raw/olena_s0/059678.wav	Щоб розпові́сти́ про те, які́ впра́ви ви вико́нуєте, як трену́єте щодня́, застосо́вуйте ле́ксику цього́ уро́ку. А з грама́тики вам знадоби́ться час
olena_s0_052202	olena_s0	Вони завантажили припаси на вантажівку, зафіксували їх і вирушили на завдання. Наступне	Вони́ заванта́жили припа́си на вантажі́вку, зафіксува́ли їх і ви́рушили на завда́ння. Насту́пне	datasets/combined/wavs/052202.wav	training/raw/olena_s0/059678.wav	Щоб розпові́сти́ про те, які́ впра́ви ви вико́нуєте, як трену́єте щодня́, застосо́вуйте ле́ксику цього́ уро́ку. А з грама́тики вам знадоби́ться час
olena_s0_054149	olena_s0	Скорочення, що позначають різне озброєння, обладнання та транспортні засоби.	Скоро́чення, що познача́ють рі́зне озбро́єння, обладнання та транспортні за́соби.	datasets/combined/wavs/054149.wav	training/raw/olena_s0/059678.wav	Щоб розпові́сти́ про те, які́ впра́ви ви вико́нуєте, як трену́єте щодня́, застосо́вуйте ле́ксику цього́ уро́ку. А з грама́тики вам знадоби́ться час
olena_s0_055170	olena_s0	де ми вивчаємо військову англійську. І в цьому відео ми навчимося формувати назви національностей від назв країн.	де ми вивча́ємо військо́ву́ англі́йську. І в цьому ві́део ми навчимо́ся формува́ти на́зви націона́льностей від назв краї́н.	datasets/combined/wavs/055170.wav	training/raw/olena_s0/059678.wav	Щоб розпові́сти́ про те, які́ впра́ви ви вико́нуєте, як трену́єте щодня́, застосо́вуйте ле́ксику цього́ уро́ку. А з грама́тики вам знадоби́ться час
olena_s0_052332	olena_s0	і ведуть бойові дії в його тилу.	і веду́ть бойові́ ді́ї в йо́го тилу́.	datasets/combined/wavs/052332.wav	training/raw/olena_s0/059678.wav	Щоб розпові́сти́ про те, які́ впра́ви ви вико́нуєте, як трену́єте щодня́, застосо́вуйте ле́ксику цього́ уро́ку. А з грама́тики вам знадоби́ться час
olena_s0_053107	olena_s0	Протягом Першої світової війни	Про́тягом Пе́ршої світово́ї війни́	datasets/combined/wavs/053107.wav	training/raw/olena_s0/059678.wav	Щоб розпові́сти́ про те, які́ впра́ви ви вико́нуєте, як трену́єте щодня́, застосо́вуйте ле́ксику цього́ уро́ку. А з грама́тики вам знадоби́ться час
rostyslav_s1_046116	rostyslav_s1	Коломия. Я родом з Коломиї.	Коломи́я. Я ро́дом з Коломи́ї.	datasets/combined/wavs/046116.wav	training/raw/rostyslav_s1/039819.wav	Зверні́ть ува́гу, пе́рше сло́во це ніж, коли́ ми порі́внюємо. Ми бі́льше за́раз погово́римо про те, як пра́вильно вжива́ти. По́ки що нам потрі́бно більш-ме́нш розібра́тися з вимо́вою.
rostyslav_s1_048362	rostyslav_s1	Знайдіть людей, чия допомога чи співпраця буде необхідною.	Знайді́ть люде́й, чия́ допомо́га чи співпра́ця бу́де необхі́дною.	datasets/combined/wavs/048362.wav	training/raw/rostyslav_s1/039819.wav	Зверні́ть ува́гу, пе́рше сло́во це ніж, коли́ ми порі́внюємо. Ми бі́льше за́раз погово́римо про те, як пра́вильно вжива́ти. По́ки що нам потрі́бно більш-ме́нш розібра́тися з вимо́вою.
rostyslav_s1_048214	rostyslav_s1	це є тренувати або привчати.	це є тренува́ти або́ привча́ти.	datasets/combined/wavs/048214.wav	training/raw/rostyslav_s1/039819.wav	Зверні́ть ува́гу, пе́рше сло́во це ніж, коли́ ми порі́внюємо. Ми бі́льше за́раз погово́римо про те, як пра́вильно вжива́ти. По́ки що нам потрі́бно більш-ме́нш розібра́тися з вимо́вою.
rostyslav_s1_034488	rostyslav_s1	Тому я постановив, прийняв рішення, що мої вуха повинні бути зайняті, тобто мій розум повинен працювати, поки я підмітаю двори.	Тому́ я постанови́в, прийня́в рі́шення, що мої́ ву́ха пови́нні бу́ти за́йняті, то́бто мій ро́зум пови́нен працюва́ти, по́ки я підміта́ю двори́.	datasets/combined/wavs/034488.wav	training/raw/rostyslav_s1/039819.wav	Зверні́ть ува́гу, пе́рше сло́во це ніж, коли́ ми порі́внюємо. Ми бі́льше за́раз погово́римо про те, як пра́вильно вжива́ти. По́ки що нам потрі́бно більш-ме́нш розібра́тися з вимо́вою.
rostyslav_s1_039254	rostyslav_s1	Тому англійську я намагаюся до вас доносити в максимально простий спосіб.	Тому́ англі́йську я намага́юся до вас доносити в максима́льно про́сти́й спо́сіб.	datasets/combined/wavs/039254.wav	training/raw/rostyslav_s1/039819.wav	Зверні́ть ува́гу, пе́рше сло́во це ніж, коли́ ми порі́внюємо. Ми бі́льше за́раз погово́римо про те, як пра́вильно вжива́ти. По́ки що нам потрі́бно більш-ме́нш розібра́тися з вимо́вою.
rostyslav_s1_006852	rostyslav_s1	думаю, що ви розумієте, що це означає.	ду́маю, що ви розумі́єте, що це означа́є.	datasets/combined/wavs/006852.wav	training/raw/rostyslav_s1/039819.wav	Зверні́ть ува́гу, пе́рше сло́во це ніж, коли́ ми порі́внюємо. Ми бі́льше за́раз погово́римо про те, як пра́вильно вжива́ти. По́ки що нам потрі́бно більш-ме́нш розібра́тися з вимо́вою.
rostyslav_s1_010855	rostyslav_s1	Раніше я теж так казав, однак ще кілька років тому збагнув, що так не можна робити. Тому ми кажемо	Рані́ше я теж так каза́в, одна́к ще кі́лька ро́кі́в тому́ збагну́в, що так не мо́жна роби́ти. Тому́ ми ка́жемо	datasets/combined/wavs/010855.wav	training/raw/rostyslav_s1/039819.wav	Зверні́ть ува́гу, пе́рше сло́во це ніж, коли́ ми порі́внюємо. Ми бі́льше за́раз погово́римо про те, як пра́вильно вжива́ти. По́ки що нам потрі́бно більш-ме́нш розібра́тися з вимо́вою.
rostyslav_s1_008352	rostyslav_s1	Досить класно, харизматично, як я полюбляю казати.	До́сить кла́сно, харизматично, як я полюбля́ю каза́ти.	datasets/combined/wavs/008352.wav	training/raw/rostyslav_s1/039819.wav	Зверні́ть ува́гу, пе́рше сло́во це ніж, коли́ ми порі́внюємо. Ми бі́льше за́раз погово́римо про те, як пра́вильно вжива́ти. По́ки що нам потрі́бно більш-ме́нш розібра́тися з вимо́вою.
rostyslav_s1_015632	rostyslav_s1	Отже, йдемо далі. Будемо пам'ятати, що до дії слів	О́тже, йдемо́ да́лі. Бу́демо пам'ята́ти, що до ді́ї слів	datasets/combined/wavs/015632.wav	training/raw/rostyslav_s1/039819.wav	Зверні́ть ува́гу, пе́рше сло́во це ніж, коли́ ми порі́внюємо. Ми бі́льше за́раз погово́римо про те, як пра́вильно вжива́ти. По́ки що нам потрі́бно більш-ме́нш розібра́тися з вимо́вою.
rostyslav_s1_023048	rostyslav_s1	І в мене та моя така зелена вже трішки підстаркувата. Я собі вирішив взяти чорну.	І в мене́ та моя́ така зеле́на вже трі́шки підста́ркувата. Я собі́ ви́рішив взя́ти чо́рну.	datasets/combined/wavs/023048.wav	training/raw/rostyslav_s1/039819.wav	Зверні́ть ува́гу, пе́рше сло́во це ніж, коли́ ми порі́внюємо. Ми бі́льше за́раз погово́римо про те, як пра́вильно вжива́ти. По́ки що нам потрі́бно більш-ме́нш розібра́тися з вимо́вою.
rostyslav_s2_004577	rostyslav_s2	Тому що я вивчав в школі французьку, англійську я взагалі не знав, тобто я почав з нульового рівня.	Тому́ що я вивча́в в шко́лі францу́зьку, англі́йську я взагалі́ не знав, то́бто я поча́в з нульово́го рі́вня.	datasets/combined/wavs/004577.wav	training/raw/rostyslav_s2/018453.wav	Івано́ва новозна́йдена мента́льна і емоці́йна си́ла дозво́лила йому стика́тися з життє́вими бар'є́рами
rostyslav_s2_043448	rostyslav_s2	І останній уривок на сьогодні. Розглядаємо і перекладаємо.	І оста́нній ури́вок на сього́дні. Розгляда́ємо і переклада́ємо.	datasets/combined/wavs/043448.wav	training/raw/rostyslav_s2/018453.wav	Івано́ва новозна́йдена мента́льна і емоці́йна си́ла дозво́лила йому стика́тися з життє́вими бар'є́рами
rostyslav_s2_021746	rostyslav_s2	«блакитне небо». І пізніше, переглядаючи списки, ви собі зможете освіжити слово	«блаки́тне не́бо». І пізні́ше, перегляда́ючи спи́ски, ви собі́ змо́жете освіжи́ти сло́во	datasets/combined/wavs/021746.wav	training/raw/rostyslav_s2/018453.wav	Івано́ва новозна́йдена мента́льна і емоці́йна си́ла дозво́лила йому стика́тися з життє́вими бар'є́рами
rostyslav_s2_047139	rostyslav_s2	найбагатшим чоловіком на кладовище.	найбага́тшим чолові́ком на кла́дови́ще.	datasets/combined/wavs/047139.wav	training/raw/rostyslav_s2/018453.wav	Івано́ва новозна́йдена мента́льна і емоці́йна си́ла дозво́лила йому стика́тися з життє́вими бар'є́рами
rostyslav_s2_031245	rostyslav_s2	тахікардія, кіл в горлі, спітнілі долоні, і тут раз.	тахікарді́я, кіл в го́рлі, спітні́лі доло́ні, і тут раз.	datasets/combined/wavs/031245.wav	training/raw/rostyslav_s2/018453.wav	Івано́ва новозна́йдена мента́льна і емоці́йна си́ла дозво́лила йому стика́тися з життє́вими бар'є́рами
rostyslav_s2_011183	rostyslav_s2	Ну, настоювати я люблю чай. Так, інколи.	Ну, насто́ювати я люблю́ чай. Так, і́нколи.	datasets/combined/wavs/011183.wav	training/raw/rostyslav_s2/018453.wav	Івано́ва новозна́йдена мента́льна і емоці́йна си́ла дозво́лила йому стика́тися з життє́вими бар'є́рами
rostyslav_s2_034043	rostyslav_s2	Тобто тоді твоє життя є таким розлюченим, ніяким	То́бто тоді́ твоє́ життя́ є таки́м розлю́ченим, нія́ким	datasets/combined/wavs/034043.wav	training/raw/rostyslav_s2/018453.wav	Івано́ва новозна́йдена мента́льна і емоці́йна си́ла дозво́лила йому стика́тися з життє́вими бар'є́рами
rostyslav_s2_025923	rostyslav_s2	Скажіть, Іван ніколи не розглядав ідею ментальної і емоційної сили раніше?	Скажі́ть, Іва́н ніколи не розгляда́в іде́ю мента́льної і емоці́йної си́ли рані́ше?	datasets/combined/wavs/025923.wav	training/raw/rostyslav_s2/018453.wav	Івано́ва новозна́йдена мента́льна і емоці́йна си́ла дозво́лила йому стика́тися з життє́вими бар'є́рами
rostyslav_s2_031316	rostyslav_s2	Чому Марія пішла до свого улюбленого ресторану?	Чо́му Марі́я пішла́ до свого́ улю́бленого рестора́ну?	datasets/combined/wavs/031316.wav	training/raw/rostyslav_s2/018453.wav	Івано́ва новозна́йдена мента́льна і емоці́йна си́ла дозво́лила йому стика́тися з життє́вими бар'є́рами
rostyslav_s2_021898	rostyslav_s2	Вона продає фрукти і овочі, скажіть.	Вона́ продає́ фру́кти і о́вочі, скажі́ть.	datasets/combined/wavs/021898.wav	training/raw/rostyslav_s2/018453.wav	Івано́ва новозна́йдена мента́льна і емоці́йна си́ла дозво́лила йому стика́тися з життє́вими бар'є́рами
rostyslav_s4_027199	rostyslav_s4	означає бути розчарованим. Приміром,	означа́є бу́ти розчаро́ваним. Примі́ром,	datasets/combined/wavs/027199.wav	training/raw/rostyslav_s4/034163.wav	Молоди́й чолові́к стве́рджує, що лю́бить її, незважа́ючи на те, що пора́да психо́лога була про́ти цього́. Незважа́ючи на, це бу́де
rostyslav_s4_009323	rostyslav_s4	Ну, як у тих піснях. «Ніби вчора рідна мамо»,	Ну, як у тих пісня́х. «Ні́би вчо́ра рі́дна ма́мо»,	datasets/combined/wavs/009323.wav	training/raw/rostyslav_s4/034163.wav	Молоди́й чолові́к стве́рджує, що лю́бить її, незважа́ючи на те, що пора́да психо́лога була про́ти цього́. Незважа́ючи на, це бу́де
rostyslav_s4_043317	rostyslav_s4	будь ласка, візьміть з цього речення, і	будь ла́ска, візьмі́ть з цього́ речення, і	datasets/combined/wavs/043317.wav	training/raw/rostyslav_s4/034163.wav	Молоди́й чолові́к стве́рджує, що лю́бить її, незважа́ючи на те, що пора́да психо́лога була про́ти цього́. Незважа́ючи на, це бу́де
rostyslav_s4_042701	rostyslav_s4	Отаке слово сполучення означає «напитися»,	Отаке́ сло́во сполу́чення означа́є «напи́тися»,	datasets/combined/wavs/042701.wav	training/raw/rostyslav_s4/034163.wav	Молоди́й чолові́к стве́рджує, що лю́бить її, незважа́ючи на те, що пора́да психо́лога була про́ти цього́. Незважа́ючи на, це бу́де
rostyslav_s4_024168	rostyslav_s4	Вони є просто на підпитку. Слово	Вони́ є про́сто на підпи́тку. Сло́во	datasets/combined/wavs/024168.wav	training/raw/rostyslav_s4/034163.wav	Молоди́й чолові́к стве́рджує, що лю́бить її, незважа́ючи на те, що пора́да психо́лога була про́ти цього́. Незважа́ючи на, це бу́де
rostyslav_s4_048983	rostyslav_s4	По всій Україні. Чому запалювати?	По всій Украї́ні. Чо́му запа́лювати?	datasets/combined/wavs/048983.wav	training/raw/rostyslav_s4/034163.wav	Молоди́й чолові́к стве́рджує, що лю́бить її, незважа́ючи на те, що пора́да психо́лога була про́ти цього́. Незважа́ючи на, це бу́де
rostyslav_s4_030692	rostyslav_s4	ви, я баю, що знаєте, це є сміття, однак коли ми кажемо	ви, я ба́ю, що зна́єте, це є смі́ття́, одна́к коли́ ми ка́жемо	datasets/combined/wavs/030692.wav	training/raw/rostyslav_s4/034163.wav	Молоди́й чолові́к стве́рджує, що лю́бить її, незважа́ючи на те, що пора́да психо́лога була про́ти цього́. Незважа́ючи на, це бу́де
rostyslav_s4_010104	rostyslav_s4	Мені житло біля роботи, то це взагалі ідеально.	Ме́ні житло́ бі́ля робо́ти, то це взагалі́ ідеа́льно.	datasets/combined/wavs/010104.wav	training/raw/rostyslav_s4/034163.wav	Молоди́й чолові́к стве́рджує, що лю́бить її, незважа́ючи на те, що пора́да психо́лога була про́ти цього́. Незважа́ючи на, це бу́де
rostyslav_s4_003315	rostyslav_s4	це є суддя, а як дія  це є засуджувати.	це є суддя́, а як ді́я  це є засу́джувати.	datasets/combined/wavs/003315.wav	training/raw/rostyslav_s4/034163.wav	Молоди́й чолові́к стве́рджує, що лю́бить її, незважа́ючи на те, що пора́да психо́лога була про́ти цього́. Незважа́ючи на, це бу́де
rostyslav_s4_006252	rostyslav_s4	це фразове дієслово, яке означає з'їхати або переїхати.	це фра́зове дієсло́во, яке́ означа́є з'ї́хати або́ переї́хати.	datasets/combined/wavs/006252.wav	training/raw/rostyslav_s4/034163.wav	Молоди́й чолові́к стве́рджує, що лю́бить її, незважа́ючи на те, що пора́да психо́лога була про́ти цього́. Незважа́ючи на, це бу́де
rostyslav_s6_011766	rostyslav_s6	Що каже містер Бас щодо значимості перших вражень?	Що ка́же мі́стер Бас що́до значи́мості пе́рших вра́жень?	datasets/combined/wavs/011766.wav	training/raw/rostyslav_s6/026609.wav	Що пропону́є мі́стер Бас Тому́ зроби́ти, аби́ покра́щити йо́го ситуа́цію?
rostyslav_s6_050781	rostyslav_s6	Тобто це перекладається таким чином. У нас є честь прийняти по-справжньому визначну особистість.	То́бто це переклада́ється таки́м чи́ном. У нас є честь прийня́ти по-спра́вжньому визначну́ особи́стість.	datasets/combined/wavs/050781.wav	training/raw/rostyslav_s6/026609.wav	Що пропону́є мі́стер Бас Тому́ зроби́ти, аби́ покра́щити йо́го ситуа́цію?
rostyslav_s6_005325	rostyslav_s6	оце слово, воно означає прагнути.	оце́ сло́во, воно́ означа́є пра́гнути.	datasets/combined/wavs/005325.wav	training/raw/rostyslav_s6/026609.wav	Що пропону́є мі́стер Бас Тому́ зроби́ти, аби́ покра́щити йо́го ситуа́цію?
rostyslav_s6_010884	rostyslav_s6	Тобто, коли він говорив про сережки того хлопця Тома, він казав «твої сережки дейнгл, те ліпаюця».	То́бто, коли́ він говори́в про сере́жки того хло́пця Тома, він каза́в «твої́ сере́жки дейнгл, те ліпаюця».	datasets/combined/wavs/010884.wav	training/raw/rostyslav_s6/026609.wav	Що пропону́є мі́стер Бас Тому́ зроби́ти, аби́ покра́щити йо́го ситуа́цію?
rostyslav_s6_028142	rostyslav_s6	може мати і таке значення, як поширити або надати. Надати	мо́же ма́ти і таке́ зна́чення, як поши́рити або́ нада́ти. Нада́ти	datasets/combined/wavs/028142.wav	training/raw/rostyslav_s6/026609.wav	Що пропону́є мі́стер Бас Тому́ зроби́ти, аби́ покра́щити йо́го ситуа́цію?
rostyslav_s6_037704	rostyslav_s6	ваш візит. Містер Баз відповідає,	ваш візи́т. Мі́стер Баз відповіда́є,	datasets/combined/wavs/037704.wav	training/raw/rostyslav_s6/026609.wav	Що пропону́є мі́стер Бас Тому́ зроби́ти, аби́ покра́щити йо́го ситуа́цію?
rostyslav_s6_025730	rostyslav_s6	Тому все-таки американська.	Тому́ все́-таки америка́нська.	datasets/combined/wavs/025730.wav	training/raw/rostyslav_s6/026609.wav	Що пропону́є мі́стер Бас Тому́ зроби́ти, аби́ покра́щити йо́го ситуа́цію?
rostyslav_s7_049598	rostyslav_s7	О, я навіть такого не чула ніколи. Може якась коса?	О, я на́віть тако́го не чу́ла ніколи. Мо́же яка́сь коса?	datasets/combined/wavs/049598.wav	training/raw/rostyslav_s7/028053.wav	Скажі́ть так. Ме́ні потрі́бно ото́чувати себе́ з індиві́дуами, які́ вже досягли́ того́, чого́ пра́гну я.
rostyslav_s7_003537	rostyslav_s7	І то, треба дивитися, як людина реагує на похвалу. Якщо людина надимається, вау, мовляв, я є хтось і щось, чимось, краще таку людину не хвалити.	І то, тре́ба диви́тися, як люди́на реагу́є на похвалу́. Якщо́ люди́на надима́ється, ва́у, мовля́в, я є хтось і щось, чимо́сь, кра́ще таку люди́ну не хвали́ти.	datasets/combined/wavs/003537.wav	training/raw/rostyslav_s7/028053.wav	Скажі́ть так. Ме́ні потрі́бно ото́чувати себе́ з індиві́дуами, які́ вже досягли́ того́, чого́ пра́гну я.
rostyslav_s7_033988	rostyslav_s7	Скажіть, що містер Бас дає Ендрю папір з інструкціями.	Скажі́ть, що мі́стер Бас дає́ Ендрю папі́р з інстру́кціями.	datasets/combined/wavs/033988.wav	training/raw/rostyslav_s7/028053.wav	Скажі́ть так. Ме́ні потрі́бно ото́чувати себе́ з індиві́дуами, які́ вже досягли́ того́, чого́ пра́гну я.
tetiana_180740	tetiana	Нарешті й ця робота йому остогидла, і він сидів, схиливши голову на стіл.	Наре́шті й ця робо́та йому́ остоги́дла, і він сиді́в, схили́вши го́лову на стіл.	datasets/combined/wavs/180740.wav	training/raw/tetiana/205603.wav	— Так, я чита́в у газе́ті про цю гру, — промо́вив Сазе́рланд, стиска́ючи ру́ку.
tetiana_197857	tetiana	А й справді, предки пана Івана були мабуть ідеалістами свого часу.	А й спра́вді, пре́дки па́на Іва́на були́ ма́бу́ть ідеалі́стами свого́ ча́су.	datasets/combined/wavs/197857.wav	training/raw/tetiana/205603.wav	— Так, я чита́в у газе́ті про цю гру, — промо́вив Сазе́рланд, стиска́ючи ру́ку.
tetiana_156141	tetiana	— А хіба ж я міг знати, що я везу?	— А хіба́ ж я міг зна́ти, що я везу́?	datasets/combined/wavs/156141.wav	training/raw/tetiana/205603.wav	— Так, я чита́в у газе́ті про цю гру, — промо́вив Сазе́рланд, стиска́ючи ру́ку.
tetiana_144988	tetiana	— Він посилав по мене, — згорда відповів крамар.	— Він посила́в по мене́, — зго́рда відпові́в кра́ма́р.	datasets/combined/wavs/144988.wav	training/raw/tetiana/205603.wav	— Так, я чита́в у газе́ті про цю гру, — промо́вив Сазе́рланд, стиска́ючи ру́ку.
tetiana_125636	tetiana	Д'Артаньян повернувся до будинку.	д'артанья́н поверну́вся до буди́нку.	datasets/combined/wavs/125636.wav	training/raw/tetiana/205603.wav	— Так, я чита́в у газе́ті про цю гру, — промо́вив Сазе́рланд, стиска́ючи ру́ку.
tetiana_199402	tetiana	Робіть, як хочете, Маєте ще час повернути назад.	Робі́ть, як хо́чете, Ма́єте ще час поверну́ти наза́д.	datasets/combined/wavs/199402.wav	training/raw/tetiana/205603.wav	— Так, я чита́в у газе́ті про цю гру, — промо́вив Сазе́рланд, стиска́ючи ру́ку.
tetiana_128465	tetiana	— Славлю Господа, що мій син помер, як козак, і не дався ворогам до рук!	— Сла́влю Го́спода, що мій син поме́р, як коза́к, і не да́вся ворога́м до рук!	datasets/combined/wavs/128465.wav	training/raw/tetiana/205603.wav	— Так, я чита́в у газе́ті про цю гру, — промо́вив Сазе́рланд, стиска́ючи ру́ку.
tetiana_109324	tetiana	— Життя не ласкаве з багатьох причин.	— Життя́ не ласка́ве з багатьо́х причи́н.	datasets/combined/wavs/109324.wav	training/raw/tetiana/205603.wav	— Так, я чита́в у газе́ті про цю гру, — промо́вив Сазе́рланд, стиска́ючи ру́ку.
tetiana_122837	tetiana	— Досить, устав з лави та й стукає до вікна, нібито не треба.	— До́сить, уста́в з ла́ви та й сту́кає до вікна́, ні́бито не тре́ба.	datasets/combined/wavs/122837.wav	training/raw/tetiana/205603.wav	— Так, я чита́в у газе́ті про цю гру, — промо́вив Сазе́рланд, стиска́ючи ру́ку.
tetiana_113966	tetiana	Він гадав, що вони злякались і залишились ззаду, а тому скомандував рушати далі.	Він гада́в, що вони́ зляка́лись і зали́ши́лись зза́ду, а тому́ скома́ндував руша́ти да́лі.	datasets/combined/wavs/113966.wav	training/raw/tetiana/205603.wav	— Так, я чита́в у газе́ті про цю гру, — промо́вив Сазе́рланд, стиска́ючи ру́ку.
